{"_id":{"$oid":"5d80e1f37def991d3035ab1b"},"item":[{"id":19,"firstname":"Test Test2","telefono":"8097281244","rnc":"123","item":"TEST","itemDetail":[],"development":"Lavar y Prensa","quantity":111,"project":1110},{"id":19,"firstname":"Test Test2","telefono":"8097281244","rnc":"123","item":"TEST2","itemDetail":[],"development":"Lavar y Prensa","quantity":111,"project":111}],"comments":[{"id":"1568727539011","comment":"adsdadsdadad"},{"id":"1568727539011","comment":"adsdadsdadad"}],"id":"1568727539011","idOrder":"19","date":"2019-07-11","name":"Test Test2","project":1221,"agregado":0,"desc":0,"itbis":219.78,"grandTotal":1221,"fechaentrega":"Domingo 14/07/2019","horaentrega":"06:00 PM","balance":0,"pending":0,"current":0,"tipopago":"","ncf":"B00000000000001","status":"pending","like":12,"isLiked":"Like","image":"airport.png","__v":2,"isLikedArr":[]}
{"_id":{"$oid":"5d80e9eb87d1d01a6cb6d959"},"item":[{"id":0,"firstname":"Test Test2","telefono":"8097281244","rnc":"123","item":"TEST","itemDetail":[],"development":"Lavar y Prensa","quantity":111,"project":1110},{"id":0,"firstname":"Test Test2","telefono":"8097281244","rnc":"123","item":"TEST2","itemDetail":[],"development":"Lavar y Prensa","quantity":111,"project":111}],"comments":[],"id":"1568729579002","idOrder":"19","date":"2019-07-11","name":"Test Test2","project":1221,"agregado":0,"desc":0,"itbis":219.78,"grandTotal":1221,"fechaentrega":"Domingo 14/07/2019","horaentrega":"06:00 PM","balance":0,"pending":0,"current":0,"tipopago":"","ncf":"B00000000000001","status":"pending","like":12,"isLiked":"Like","image":"change-.png","__v":1,"isLikedArr":[]}
{"_id":{"$oid":"5d80ea2787d1d01a6cb6d95a"},"item":[{"id":1,"firstname":"Test Test2","telefono":"8097281244","rnc":"123","item":"TEST","itemDetail":[],"development":"Lavar y Prensa","quantity":111,"project":1110},{"id":1,"firstname":"Test Test2","telefono":"8097281244","rnc":"123","item":"TEST2","itemDetail":[],"development":"Lavar y Prensa","quantity":111,"project":111}],"comments":[],"id":"1568729639002","idOrder":"19","date":"2019-07-11","name":"Test Test2","project":1221,"agregado":0,"desc":0,"itbis":219.78,"grandTotal":1221,"fechaentrega":"Domingo 14/07/2019","horaentrega":"06:00 PM","balance":0,"pending":0,"current":0,"tipopago":"","ncf":"B00000000000001","status":"pending","like":13,"isLiked":"Unlike","image":"changes-onging-Untitled.png","__v":1,"isLikedArr":[]}
{"_id":{"$oid":"5d80ea6387d1d01a6cb6d95b"},"item":[{"id":2,"firstname":"Test Test2","telefono":"8097281244","rnc":"123","item":"TEST","itemDetail":[],"development":"Lavar y Prensa","quantity":111,"project":1110},{"id":2,"firstname":"Test Test2","telefono":"8097281244","rnc":"123","item":"TEST2","itemDetail":[],"development":"Lavar y Prensa","quantity":111,"project":111}],"comments":[],"id":"1568729699006","idOrder":"19","date":"2019-07-11","name":"Test Test2","project":1221,"agregado":0,"desc":0,"itbis":219.78,"grandTotal":1221,"fechaentrega":"Domingo 14/07/2019","horaentrega":"06:00 PM","balance":0,"pending":0,"current":0,"tipopago":"","ncf":"B00000000000001","status":"pending","like":12,"isLiked":"Like","image":"download.png","__v":1,"isLikedArr":[]}
{"_id":{"$oid":"5d80ea9f87d1d01a6cb6d95c"},"item":[{"id":3,"firstname":"Test Test2","telefono":"8097281244","rnc":"123","item":"TEST","itemDetail":[],"development":"Lavar y Prensa","quantity":111,"project":1110},{"id":3,"firstname":"Test Test2","telefono":"8097281244","rnc":"123","item":"TEST2","itemDetail":[],"development":"Lavar y Prensa","quantity":111,"project":111}],"comments":[],"id":"1568729759003","idOrder":"19","date":"2019-07-11","name":"Test Test2","project":1221,"agregado":0,"desc":0,"itbis":219.78,"grandTotal":1221,"fechaentrega":"Domingo 14/07/2019","horaentrega":"06:00 PM","balance":0,"pending":0,"current":0,"tipopago":"","ncf":"B00000000000001","status":"pending","like":13,"isLiked":"Unlike","image":"facebook.PNG","__v":1,"isLikedArr":[]}
{"_id":{"$oid":"5d80eadb87d1d01a6cb6d95d"},"item":[{"id":4,"firstname":"Test Test2","telefono":"8097281244","rnc":"123","item":"TEST","itemDetail":[],"development":"Lavar y Prensa","quantity":111,"project":1110},{"id":4,"firstname":"Test Test2","telefono":"8097281244","rnc":"123","item":"TEST2","itemDetail":[],"development":"Lavar y Prensa","quantity":111,"project":111}],"comments":[],"id":"1568729819016","idOrder":"19","date":"2019-07-11","name":"Test Test2","project":1221,"agregado":0,"desc":0,"itbis":219.78,"grandTotal":1221,"fechaentrega":"Domingo 14/07/2019","horaentrega":"06:00 PM","balance":0,"pending":0,"current":0,"tipopago":"","ncf":"B00000000000001","status":"pending","like":12,"isLiked":"Like","image":"git-lifecycle.png","__v":0}
{"_id":{"$oid":"5d80eb1787d1d01a6cb6d95e"},"item":[{"id":5,"firstname":"Test Test2","telefono":"8097281244","rnc":"123","item":"TEST","itemDetail":[],"development":"Lavar y Prensa","quantity":111,"project":1110},{"id":5,"firstname":"Test Test2","telefono":"8097281244","rnc":"123","item":"TEST2","itemDetail":[],"development":"Lavar y Prensa","quantity":111,"project":111}],"comments":[],"id":"1568729879002","idOrder":"19","date":"2019-07-11","name":"Test Test2","project":1221,"agregado":0,"desc":0,"itbis":219.78,"grandTotal":1221,"fechaentrega":"Domingo 14/07/2019","horaentrega":"06:00 PM","balance":0,"pending":0,"current":0,"tipopago":"","ncf":"B00000000000001","status":"pending","like":12,"isLiked":"Like","image":"instagram-as-startup.png","__v":0}
{"_id":{"$oid":"5d80eb5387d1d01a6cb6d95f"},"item":[{"id":6,"firstname":"Test Test2","telefono":"8097281244","rnc":"123","item":"TEST","itemDetail":[],"development":"Lavar y Prensa","quantity":111,"project":1110},{"id":6,"firstname":"Test Test2","telefono":"8097281244","rnc":"123","item":"TEST2","itemDetail":[],"development":"Lavar y Prensa","quantity":111,"project":111}],"comments":[],"id":"1568729939002","idOrder":"19","date":"2019-07-11","name":"Test Test2","project":1221,"agregado":0,"desc":0,"itbis":219.78,"grandTotal":1221,"fechaentrega":"Domingo 14/07/2019","horaentrega":"06:00 PM","balance":0,"pending":0,"current":0,"tipopago":"","ncf":"B00000000000001","status":"pending","like":12,"isLiked":"Like","image":"instagram.PNG","__v":0}
{"_id":{"$oid":"5d80eb8f87d1d01a6cb6d960"},"item":[{"id":7,"firstname":"Test Test2","telefono":"8097281244","rnc":"123","item":"TEST","itemDetail":[],"development":"Lavar y Prensa","quantity":111,"project":1110},{"id":7,"firstname":"Test Test2","telefono":"8097281244","rnc":"123","item":"TEST2","itemDetail":[],"development":"Lavar y Prensa","quantity":111,"project":111}],"comments":[],"id":"1568729999047","idOrder":"19","date":"2019-07-11","name":"Test Test2","project":1221,"agregado":0,"desc":0,"itbis":219.78,"grandTotal":1221,"fechaentrega":"Domingo 14/07/2019","horaentrega":"06:00 PM","balance":0,"pending":0,"current":0,"tipopago":"","ncf":"B00000000000001","status":"pending","like":12,"isLiked":"Like","image":"LABEL.png","__v":0}
{"_id":{"$oid":"5d80ebcb87d1d01a6cb6d961"},"item":[{"id":8,"firstname":"Test Test2","telefono":"8097281244","rnc":"123","item":"TEST","itemDetail":[],"development":"Lavar y Prensa","quantity":111,"project":1110},{"id":8,"firstname":"Test Test2","telefono":"8097281244","rnc":"123","item":"TEST2","itemDetail":[],"development":"Lavar y Prensa","quantity":111,"project":111}],"comments":[],"id":"1568730059046","idOrder":"19","date":"2019-07-11","name":"Test Test2","project":1221,"agregado":0,"desc":0,"itbis":219.78,"grandTotal":1221,"fechaentrega":"Domingo 14/07/2019","horaentrega":"06:00 PM","balance":0,"pending":0,"current":0,"tipopago":"","ncf":"B00000000000001","status":"pending","like":12,"isLiked":"Like","image":"leid-Capture.PNG","__v":0}
{"_id":{"$oid":"5d80ec0787d1d01a6cb6d962"},"item":[{"id":9,"firstname":"Test Test2","telefono":"8097281244","rnc":"123","item":"TEST","itemDetail":[],"development":"Lavar y Prensa","quantity":111,"project":1110},{"id":9,"firstname":"Test Test2","telefono":"8097281244","rnc":"123","item":"TEST2","itemDetail":[],"development":"Lavar y Prensa","quantity":111,"project":111}],"comments":[],"id":"1568730119068","idOrder":"19","date":"2019-07-11","name":"Test Test2","project":1221,"agregado":0,"desc":0,"itbis":219.78,"grandTotal":1221,"fechaentrega":"Domingo 14/07/2019","horaentrega":"06:00 PM","balance":0,"pending":0,"current":0,"tipopago":"","ncf":"B00000000000001","status":"pending","like":12,"isLiked":"Like","image":"M4.png","__v":0}
{"_id":{"$oid":"5d80ec4387d1d01a6cb6d963"},"item":[{"id":10,"firstname":"Test Test2","telefono":"8097281244","rnc":"123","item":"TEST","itemDetail":[],"development":"Lavar y Prensa","quantity":111,"project":1110},{"id":10,"firstname":"Test Test2","telefono":"8097281244","rnc":"123","item":"TEST2","itemDetail":[],"development":"Lavar y Prensa","quantity":111,"project":111}],"comments":[],"id":"1568730179151","idOrder":"19","date":"2019-07-11","name":"Test Test2","project":1221,"agregado":0,"desc":0,"itbis":219.78,"grandTotal":1221,"fechaentrega":"Domingo 14/07/2019","horaentrega":"06:00 PM","balance":0,"pending":0,"current":0,"tipopago":"","ncf":"B00000000000001","status":"pending","like":12,"isLiked":"Like","image":"NAVA.png","__v":0}
