{"_id":{"$oid":"5d8124c5cd4ee218c02726cc"},"username":"admin","quantity":"1","project":"1221","description":"Test Test2","__v":0}
{"_id":{"$oid":"5d81272f7758b41be0e325a5"},"username":"admin","quantity":"1","project":"1221","description":"Test Test2","__v":0}
{"_id":{"$oid":"5d8127377758b41be0e325a6"},"username":"admin","quantity":"1","project":"1221","description":"Test Test2","__v":0}
{"_id":{"$oid":"5d812d3e7758b41be0e325a7"},"username":"admin","quantity":"1","project":"1221","description":"Test Test2","__v":0}
